<?xml version="1.0" encoding="UTF-8"?>
<!DOCTYPE module-description SYSTEM "module-description.dtd">
<module-description>
	<module-name>forms</module-name>
	<component-description>
		<author></author>
		<name>com.sun.star.comp.forms.OFormsCollection</name>
		<description></description>
		<loader-name>com.sun.star.loader.SharedLibrary</loader-name>
		<language>c++</language>
		<status value="final"/>
		<supported-service>com.sun.star.form.Forms</supported-service>
		<supported-service>com.sun.star.form.FormComponents</supported-service>
	</component-description>
	<component-description>
		<author></author>
		<name>com.sun.star.comp.forms.ODatabaseForm</name>
		<description></description>
		<loader-name>com.sun.star.loader.SharedLibrary</loader-name>
		<language>c++</language>
		<status value="final"/>
		<supported-service>com.sun.star.form.FormComponent</supported-service>
		<supported-service>com.sun.star.form.FormComponents</supported-service>
		<supported-service>com.sun.star.form.component.Form</supported-service>
		<supported-service>com.sun.star.form.component.HTMLForm</supported-service>
		<supported-service>com.sun.star.form.component.DataForm</supported-service>
		<supported-service>com.sun.star.sdb.RowSet</supported-service>
		<supported-service>com.sun.star.sdbc.RowSet</supported-service>
		<supported-service>com.sun.star.sdb.ResultSet</supported-service>
		<supported-service>com.sun.star.sdbcx.ResultSet</supported-service>
		<supported-service>com.sun.star.sdbc.ResultSet</supported-service>
		<service-dependency>com.sun.star.util.URLTransformer</service-dependency>
	</component-description>
	<component-description>
		<author></author>
		<name>com.sun.star.comp.forms.OFixedTextModel</name>
		<description></description>
		<loader-name>com.sun.star.loader.SharedLibrary</loader-name>
		<language>c++</language>
		<status value="final"/>
		<supported-service>com.sun.star.form.component.FixedText</supported-service>
		<supported-service>com.sun.star.form.FormComponent</supported-service>
		<supported-service>com.sun.star.form.FormControlModel</supported-service>
		<supported-service>com.sun.star.awt.UnoControlFixedTextModel</supported-service>
		<supported-service>com.sun.star.awt.UnoControlModel</supported-service>
	</component-description>
	<component-description>
		<author></author>
		<name>com.sun.star.comp.forms.OHiddenModel</name>
		<description></description>
		<loader-name>com.sun.star.loader.SharedLibrary</loader-name>
		<language>c++</language>
		<status value="final"/>
		<supported-service>com.sun.star.form.component.HiddenControl</supported-service>
		<supported-service>com.sun.star.form.FormComponent</supported-service>
	</component-description>
	<component-description>
		<author></author>
		<name>com.sun.star.comp.forms.OFileControlModel</name>
		<description></description>
		<loader-name>com.sun.star.loader.SharedLibrary</loader-name>
		<language>c++</language>
		<status value="final"/>
		<supported-service>com.sun.star.form.component.FileControl</supported-service>
		<supported-service>com.sun.star.form.FormComponent</supported-service>
		<supported-service>com.sun.star.form.FormControlModel</supported-service>
		<supported-service>com.sun.star.awt.UnoControlFileControlModel</supported-service>
		<supported-service>com.sun.star.awt.UnoControlModel</supported-service>
	</component-description>
	<component-description>
		<author></author>
		<name>com.sun.star.comp.forms.OGroupBoxModel</name>
		<description></description>
		<loader-name>com.sun.star.loader.SharedLibrary</loader-name>
		<language>c++</language>
		<status value="final"/>
		<supported-service>com.sun.star.form.component.GroupBox</supported-service>
		<supported-service>com.sun.star.form.FormComponent</supported-service>
		<supported-service>com.sun.star.form.FormControlModel</supported-service>
		<supported-service>com.sun.star.awt.UnoControlGroupBoxModel</supported-service>
		<supported-service>com.sun.star.awt.UnoControlModel</supported-service>
	</component-description>
	<component-description>
		<author></author>
		<name>com.sun.star.comp.forms.OImageButtonModel</name>
		<description></description>
		<loader-name>com.sun.star.loader.SharedLibrary</loader-name>
		<language>c++</language>
		<status value="final"/>
		<supported-service>com.sun.star.form.component.ImageButton</supported-service>
		<supported-service>com.sun.star.form.FormComponent</supported-service>
		<supported-service>com.sun.star.form.FormControlModel</supported-service>
		<supported-service>com.sun.star.awt.UnoControlImageControlModel</supported-service>
		<supported-service>com.sun.star.awt.UnoControlModel</supported-service>
	</component-description>
	<component-description>
		<author></author>
		<name>com.sun.star.comp.forms.OButtonModel</name>
		<description></description>
		<loader-name>com.sun.star.loader.SharedLibrary</loader-name>
		<language>c++</language>
		<status value="final"/>
		<supported-service>com.sun.star.form.component.CommandButton</supported-service>
		<supported-service>com.sun.star.form.FormComponent</supported-service>
		<supported-service>com.sun.star.form.FormControlModel</supported-service>
		<supported-service>com.sun.star.awt.UnoControlButtonModel</supported-service>
		<supported-service>com.sun.star.awt.UnoControlModel</supported-service>
	</component-description>
	<component-description>
		<author></author>
		<name>com.sun.star.comp.forms.OGridControlModel</name>
		<description></description>
		<loader-name>com.sun.star.loader.SharedLibrary</loader-name>
		<language>c++</language>
		<status value="final"/>
		<supported-service>com.sun.star.form.component.GridControl</supported-service>
		<supported-service>com.sun.star.form.FormComponent</supported-service>
		<supported-service>com.sun.star.form.FormControlModel</supported-service>
		<supported-service>com.sun.star.awt.UnoControlModel</supported-service>
	</component-description>
	<component-description>
		<author></author>
		<name>com.sun.star.comp.forms.ORadioButtonModel</name>
		<description></description>
		<loader-name>com.sun.star.loader.SharedLibrary</loader-name>
		<language>c++</language>
		<status value="final"/>
		<supported-service>com.sun.star.form.component.DatabaseRadioButton</supported-service>
		<supported-service>com.sun.star.form.component.RadioButton</supported-service>
		<supported-service>com.sun.star.form.DataAwareControlModel</supported-service>
		<supported-service>com.sun.star.form.FormComponent</supported-service>
		<supported-service>com.sun.star.form.FormControlModel</supported-service>
		<supported-service>com.sun.star.awt.UnoControlRadioButtonModel</supported-service>
		<supported-service>com.sun.star.awt.UnoControlModel</supported-service>
	</component-description>
	<component-description>
		<author></author>
		<name>com.sun.star.comp.forms.OCheckBoxModel</name>
		<description></description>
		<loader-name>com.sun.star.loader.SharedLibrary</loader-name>
		<language>c++</language>
		<status value="final"/>
		<supported-service>com.sun.star.form.component.DatabaseCheckBox</supported-service>
		<supported-service>com.sun.star.form.component.CheckBox</supported-service>
		<supported-service>com.sun.star.form.DataAwareControlModel</supported-service>
		<supported-service>com.sun.star.form.FormComponent</supported-service>
		<supported-service>com.sun.star.form.FormControlModel</supported-service>
		<supported-service>com.sun.star.awt.UnoControlCheckBoxModel</supported-service>
		<supported-service>com.sun.star.awt.UnoControlModel</supported-service>
	</component-description>
	<component-description>
		<author></author>
		<name>com.sun.star.comp.forms.OComboBoxModel</name>
		<description></description>
		<loader-name>com.sun.star.loader.SharedLibrary</loader-name>
		<language>c++</language>
		<status value="final"/>
		<supported-service>com.sun.star.form.component.DatabaseComboBox</supported-service>
		<supported-service>com.sun.star.form.component.ComboBox</supported-service>
		<supported-service>com.sun.star.form.DataAwareControlModel</supported-service>
		<supported-service>com.sun.star.form.FormComponent</supported-service>
		<supported-service>com.sun.star.form.FormControlModel</supported-service>
		<supported-service>com.sun.star.awt.UnoControlComboBoxModel</supported-service>
		<supported-service>com.sun.star.awt.UnoControlModel</supported-service>
		<service-dependency>com.sun.star.util.NumberFormatter</service-dependency>
	</component-description>
	<component-description>
		<author></author>
		<name>com.sun.star.comp.forms.OListBoxModel</name>
		<description></description>
		<loader-name>com.sun.star.loader.SharedLibrary</loader-name>
		<language>c++</language>
		<status value="final"/>
		<supported-service>com.sun.star.form.component.DatabaseListBox</supported-service>
		<supported-service>com.sun.star.form.component.ListBox</supported-service>
		<supported-service>com.sun.star.form.DataAwareControlModel</supported-service>
		<supported-service>com.sun.star.form.FormComponent</supported-service>
		<supported-service>com.sun.star.form.FormControlModel</supported-service>
		<supported-service>com.sun.star.awt.UnoControlListBoxModel</supported-service>
		<supported-service>com.sun.star.awt.UnoControlModel</supported-service>
		<service-dependency>com.sun.star.util.NumberFormatter</service-dependency>
	</component-description>
	<component-description>
		<author></author>
		<name>com.sun.star.comp.forms.OEditModel</name>
		<description></description>
		<loader-name>com.sun.star.loader.SharedLibrary</loader-name>
		<language>c++</language>
		<status value="final"/>
		<supported-service>com.sun.star.form.component.DatabaseTextField</supported-service>
		<supported-service>com.sun.star.form.component.TextField</supported-service>
		<supported-service>com.sun.star.form.DataAwareControlModel</supported-service>
		<supported-service>com.sun.star.form.FormComponent</supported-service>
		<supported-service>com.sun.star.form.FormControlModel</supported-service>
		<supported-service>com.sun.star.awt.UnoControlEditModel</supported-service>
		<supported-service>com.sun.star.awt.UnoControlModel</supported-service>
		<service-dependency>com.sun.star.util.NumberFormatter</service-dependency>
	</component-description>
	<component-description>
		<author></author>
		<name>com.sun.star.comp.forms.ODateModel</name>
		<description></description>
		<loader-name>com.sun.star.loader.SharedLibrary</loader-name>
		<language>c++</language>
		<status value="final"/>
		<supported-service>com.sun.star.form.component.DatabaseDateField</supported-service>
		<supported-service>com.sun.star.form.component.DateField</supported-service>
		<supported-service>com.sun.star.form.DataAwareControlModel</supported-service>
		<supported-service>com.sun.star.form.FormComponent</supported-service>
		<supported-service>com.sun.star.form.FormControlModel</supported-service>
		<supported-service>com.sun.star.awt.UnoControlDateFieldModel</supported-service>
		<supported-service>com.sun.star.awt.UnoControlModel</supported-service>
	</component-description>
	<component-description>
		<author></author>
		<name>com.sun.star.comp.forms.OTimeModel</name>
		<description></description>
		<loader-name>com.sun.star.loader.SharedLibrary</loader-name>
		<language>c++</language>
		<status value="final"/>
		<supported-service>com.sun.star.form.component.DatabaseTimeField</supported-service>
		<supported-service>com.sun.star.form.component.TimeField</supported-service>
		<supported-service>com.sun.star.form.DataAwareControlModel</supported-service>
		<supported-service>com.sun.star.form.FormComponent</supported-service>
		<supported-service>com.sun.star.form.FormControlModel</supported-service>
		<supported-service>com.sun.star.awt.UnoControlTimeFieldModel</supported-service>
		<supported-service>com.sun.star.awt.UnoControlModel</supported-service>
	</component-description>
	<component-description>
		<author></author>
		<name>com.sun.star.comp.forms.ONumericModel</name>
		<description></description>
		<loader-name>com.sun.star.loader.SharedLibrary</loader-name>
		<language>c++</language>
		<status value="final"/>
		<supported-service>com.sun.star.form.component.DatabaseNumericField</supported-service>
		<supported-service>com.sun.star.form.component.NumericField</supported-service>
		<supported-service>com.sun.star.form.DataAwareControlModel</supported-service>
		<supported-service>com.sun.star.form.FormComponent</supported-service>
		<supported-service>com.sun.star.form.FormControlModel</supported-service>
		<supported-service>com.sun.star.awt.UnoControlNumericFieldModel</supported-service>
		<supported-service>com.sun.star.awt.UnoControlModel</supported-service>
	</component-description>
	<component-description>
		<author></author>
		<name>com.sun.star.comp.forms.OCurrencyModel</name>
		<description></description>
		<loader-name>com.sun.star.loader.SharedLibrary</loader-name>
		<language>c++</language>
		<status value="final"/>
		<supported-service>com.sun.star.form.component.DatabaseCurrencyField</supported-service>
		<supported-service>com.sun.star.form.component.CurrencyField</supported-service>
		<supported-service>com.sun.star.form.DataAwareControlModel</supported-service>
		<supported-service>com.sun.star.form.FormComponent</supported-service>
		<supported-service>com.sun.star.form.FormControlModel</supported-service>
		<supported-service>com.sun.star.awt.UnoControlCurrencyFieldModel</supported-service>
		<supported-service>com.sun.star.awt.UnoControlModel</supported-service>
	</component-description>
	<component-description>
		<author></author>
		<name>com.sun.star.comp.forms.OPatternModel</name>
		<description></description>
		<loader-name>com.sun.star.loader.SharedLibrary</loader-name>
		<language>c++</language>
		<status value="final"/>
		<supported-service>com.sun.star.form.component.DatabasePatternField</supported-service>
		<supported-service>com.sun.star.form.component.PatternField</supported-service>
		<supported-service>com.sun.star.form.DataAwareControlModel</supported-service>
		<supported-service>com.sun.star.form.FormComponent</supported-service>
		<supported-service>com.sun.star.form.FormControlModel</supported-service>
		<supported-service>com.sun.star.awt.UnoControlPatternFieldModel</supported-service>
		<supported-service>com.sun.star.awt.UnoControlModel</supported-service>
	</component-description>
	<component-description>
		<author></author>
		<name>com.sun.star.comp.forms.OImageControlModel</name>
		<description></description>
		<loader-name>com.sun.star.loader.SharedLibrary</loader-name>
		<language>c++</language>
		<status value="final"/>
		<supported-service>com.sun.star.form.component.DatabaseImageControl</supported-service>
		<supported-service>com.sun.star.form.DataAwareControlModel</supported-service>
		<supported-service>com.sun.star.form.FormComponent</supported-service>
		<supported-service>com.sun.star.form.FormControlModel</supported-service>
		<supported-service>com.sun.star.awt.UnoControlImageControlModel</supported-service>
		<supported-service>com.sun.star.awt.UnoControlModel</supported-service>
	</component-description>
	<component-description>
		<author>Frank Schoenheit</author>
		<name>com.sun.star.comp.forms.OFormattedFieldWrapper</name>
		<description></description>
		<loader-name>com.sun.star.loader.SharedLibrary</loader-name>
		<language>c++</language>
		<status value="final"/>
		<supported-service>com.sun.star.form.component.DatabaseFormattedField</supported-service>
		<supported-service>com.sun.star.form.component.FormattedField</supported-service>
		<supported-service>com.sun.star.form.DataAwareControlModel</supported-service>
		<supported-service>com.sun.star.form.FormComponent</supported-service>
		<supported-service>com.sun.star.form.FormControlModel</supported-service>
		<supported-service>com.sun.star.awt.UnoControlFormattedFieldModel</supported-service>
		<supported-service>com.sun.star.awt.UnoControlModel</supported-service>
	</component-description>
	<component-description>
		<author></author>
		<name>com.sun.star.comp.forms.ORadioButtonControl</name>
		<description></description>
		<loader-name>com.sun.star.loader.SharedLibrary</loader-name>
		<language>c++</language>
		<status value="final"/>
		<supported-service>com.sun.star.form.control.RadioButton</supported-service>
		<supported-service>com.sun.star.awt.UnoControlRadioButton</supported-service>
	</component-description>
	<component-description>
		<author></author>
		<name>com.sun.star.comp.forms.OCheckBoxControl</name>
		<description></description>
		<loader-name>com.sun.star.loader.SharedLibrary</loader-name>
		<language>c++</language>
		<status value="final"/>
		<supported-service>com.sun.star.form.control.CheckBox</supported-service>
		<supported-service>com.sun.star.awt.UnoControlCheckBox</supported-service>
	</component-description>
	<component-description>
		<author></author>
		<name>com.sun.star.comp.forms.OGroupBoxControl</name>
		<description></description>
		<loader-name>com.sun.star.loader.SharedLibrary</loader-name>
		<language>c++</language>
		<status value="final"/>
		<supported-service>com.sun.star.form.control.GroupBox</supported-service>
		<supported-service>com.sun.star.awt.UnoControlGroupBox</supported-service>
	</component-description>
	<component-description>
		<author></author>
		<name>com.sun.star.comp.forms.OListBoxControl</name>
		<description></description>
		<loader-name>com.sun.star.loader.SharedLibrary</loader-name>
		<language>c++</language>
		<status value="final"/>
		<supported-service>com.sun.star.form.control.ListBox</supported-service>
		<supported-service>com.sun.star.awt.UnoControlListBox</supported-service>
	</component-description>
	<component-description>
		<author></author>
		<name>com.sun.star.comp.forms.OComboBoxControl</name>
		<description></description>
		<loader-name>com.sun.star.loader.SharedLibrary</loader-name>
		<language>c++</language>
		<status value="final"/>
		<supported-service>com.sun.star.form.control.ComboBox</supported-service>
		<supported-service>com.sun.star.awt.UnoControlComboBox</supported-service>
	</component-description>
	<component-description>
		<author></author>
		<name>com.sun.star.comp.forms.OEditControl</name>
		<description></description>
		<loader-name>com.sun.star.loader.SharedLibrary</loader-name>
		<language>c++</language>
		<status value="final"/>
		<supported-service>com.sun.star.form.control.TextField</supported-service>
		<supported-service>com.sun.star.awt.UnoControlEdit</supported-service>
	</component-description>
	<component-description>
		<author></author>
		<name>com.sun.star.comp.forms.ODateControl</name>
		<description></description>
		<loader-name>com.sun.star.loader.SharedLibrary</loader-name>
		<language>c++</language>
		<status value="final"/>
		<supported-service>com.sun.star.form.control.DateField</supported-service>
		<supported-service>com.sun.star.awt.UnoControlDateField</supported-service>
	</component-description>
	<component-description>
		<author></author>
		<name>com.sun.star.comp.forms.OTimeControl</name>
		<description></description>
		<loader-name>com.sun.star.loader.SharedLibrary</loader-name>
		<language>c++</language>
		<status value="final"/>
		<supported-service>com.sun.star.form.control.TimeField</supported-service>
		<supported-service>com.sun.star.awt.UnoControlTimeField</supported-service>
	</component-description>
	<component-description>
		<author></author>
		<name>com.sun.star.comp.forms.ONumericControl</name>
		<description></description>
		<loader-name>com.sun.star.loader.SharedLibrary</loader-name>
		<language>c++</language>
		<status value="final"/>
		<supported-service>com.sun.star.form.control.NumericField</supported-service>
		<supported-service>com.sun.star.awt.UnoControlNumericField</supported-service>
	</component-description>
	<component-description>
		<author></author>
		<name>com.sun.star.comp.forms.OCurrencyControl</name>
		<description></description>
		<loader-name>com.sun.star.loader.SharedLibrary</loader-name>
		<language>c++</language>
		<status value="final"/>
		<supported-service>com.sun.star.form.control.CurrencyField</supported-service>
		<supported-service>com.sun.star.awt.UnoControlCurrencyField</supported-service>
	</component-description>
	<component-description>
		<author></author>
		<name>com.sun.star.comp.forms.OPatternControl</name>
		<description></description>
		<loader-name>com.sun.star.loader.SharedLibrary</loader-name>
		<language>c++</language>
		<status value="final"/>
		<supported-service>com.sun.star.form.control.PatternField</supported-service>
		<supported-service>com.sun.star.awt.UnoControlPatternField</supported-service>
	</component-description>
	<component-description>
		<author>Frank Schoenheit</author>
		<name>com.sun.star.comp.forms.OFormattedControl</name>
		<description></description>
		<loader-name>com.sun.star.loader.SharedLibrary</loader-name>
		<language>c++</language>
		<status value="final"/>
		<supported-service>com.sun.star.form.control.FormattedField</supported-service>
		<supported-service>com.sun.star.awt.UnoControlFormattedField</supported-service>
	</component-description>
	<component-description>
		<author></author>
		<name>com.sun.star.comp.forms.OButtonControl</name>
		<description></description>
		<loader-name>com.sun.star.loader.SharedLibrary</loader-name>
		<language>c++</language>
		<status value="final"/>
		<supported-service>com.sun.star.form.control.CommandButton</supported-service>
		<supported-service>com.sun.star.awt.UnoControlButton</supported-service>
		<service-dependency>com.sun.star.util.URLTransformer</service-dependency>
		<service-dependency>com.sun.star.awt.Pointer</service-dependency>
	</component-description>
	<component-description>
		<author></author>
		<name>com.sun.star.comp.forms.OImageButtonControl</name>
		<description></description>
		<loader-name>com.sun.star.loader.SharedLibrary</loader-name>
		<language>c++</language>
		<status value="final"/>
		<supported-service>com.sun.star.form.control.ImageButton</supported-service>
		<supported-service>com.sun.star.awt.UnoControlImageControl</supported-service>
		<service-dependency>com.sun.star.util.URLTransformer</service-dependency>
		<service-dependency>com.sun.star.awt.Pointer</service-dependency>
	</component-description>
	<component-description>
		<author></author>
		<name>com.sun.star.comp.forms.OImageControlControl</name>
		<description></description>
		<loader-name>com.sun.star.loader.SharedLibrary</loader-name>
		<language>c++</language>
		<status value="final"/>
		<supported-service>com.sun.star.form.control.ImageControl</supported-service>
		<supported-service>com.sun.star.awt.UnoControlImageControl</supported-service>
	</component-description>
	<project-build-dependency>sal</project-build-dependency>
	<project-build-dependency>osl</project-build-dependency>
	<project-build-dependency>one</project-build-dependency>
	<project-build-dependency>cppu</project-build-dependency>
	<project-build-dependency>cppuhelper</project-build-dependency>
	<project-build-dependency>tools</project-build-dependency>
	<project-build-dependency>vcl</project-build-dependency>
	<project-build-dependency>svtool</project-build-dependency>
	<project-build-dependency>sfx2</project-build-dependency>
	<project-build-dependency>vos</project-build-dependency>
	<project-build-dependency>unotools</project-build-dependency>
	<project-build-dependency>toolkit</project-build-dependency>
	<runtime-module-dependency>sal</runtime-module-dependency>
	<runtime-module-dependency>osl</runtime-module-dependency>
	<runtime-module-dependency>one</runtime-module-dependency>
	<runtime-module-dependency>cppu</runtime-module-dependency>
	<runtime-module-dependency>cppuhelper</runtime-module-dependency>
	<runtime-module-dependency>tools</runtime-module-dependency>
	<runtime-module-dependency>vcl</runtime-module-dependency>
	<runtime-module-dependency>svtool</runtime-module-dependency>
	<runtime-module-dependency>sfx2</runtime-module-dependency>
	<runtime-module-dependency>vos</runtime-module-dependency>
	<runtime-module-dependency>unotools</runtime-module-dependency>
	<runtime-module-dependency>toolkit</runtime-module-dependency>
</module-description>
